{
    "loss": 36.13227081298828,
    "accuracy": 0.01658090390264988
}