{
    "loss": 28.6799259185791,
    "accuracy": 0.09376786649227142
}