{
    "loss": 51.65214920043945,
    "accuracy": 0.02058319002389908
}