{
    "loss": 1.3655710220336914,
    "accuracy": 0.6678102016448975
}