{
    "loss": 34.286991119384766,
    "accuracy": 0.042881645262241364
}