{
    "loss": 14.349823951721191,
    "accuracy": 0.22298456728458405
}